{
  "assetsByChunkName": {
    "vendors~app-account~app-confirmation~app-order": "chunk.338e8ff6cbf2082d7e14.js",
    "vendors~app-account~app-checkout": "chunk.26f36a1f7a2ce2177f87.js",
    "vendors~app-cart~app-checkout": "chunk.7b88069952cb10fcd473.js",
    "admin": [
      "admin.58528ac478d6bd8c7423.js",
      "admin.58528ac478d6bd8c7423.js.map"
    ],
    "app-account": "chunk.de6ba5bb7db140771154.js",
    "app-confirmation": "chunk.571bd0b1921f82719a36.js",
    "app-order": "chunk.ec61421015e26abb7fdf.js",
    "checkout": [
      "checkout.bb381468942a1a5639c1.js",
      "checkout.bb381468942a1a5639c1.js.map"
    ],
    "storefront": [
      "storefront.87192602b66e820d890c.css",
      "storefront.4d7eea142611cde0c3ef.js",
      "storefront.87192602b66e820d890c.css.map",
      "storefront.4d7eea142611cde0c3ef.js.map"
    ],
    "vendors~app-cart": "chunk.458984b3ba83a4e0cc2e.js",
    "vendors~app-checkout": "chunk.feadc19dc6ed9fcb567d.js"
  }
}