{
  "meta_title": "",
  "meta_description": "",
  "sections": [
    {
      "type": "banner-slider",
      "autoplay": 9000,
      "slides": [
        {
          "img": "/img/uploads/slider.png",
          "link": "",
          "alt": "",
          "start": "2020-04-11T05:54:06.750Z"
        }
      ]
    },
    {
      "type": "info-bar",
      "enabled": false
    },
    {
      "type": "collection-shelf",
      "shuffle": true,
      "collection_id": null,
      "limit": 12,
      "page": 1
    },
    {
      "type": "banners-grid",
      "banners": [
        {
          "img": "/img/uploads/bannerpkno1.jpg",
          "alt": "Teste",
          "link": ""
        },
        {
          "img": "/img/uploads/bannerpkno2.jpg",
          "alt": "Teste",
          "link": ""
        }
      ]
    },
    {
      "type": "collection-shelf",
      "shuffle": true,
      "collection_id": null,
      "limit": 12,
      "page": 1
    }
  ]
}